none,strong,weak
I told my baby I loved her when she cried.,I ought to tell my baby I love her when she cries.,I encouraged my baby by telling her I loved her when she cried.
I helped an old lady across the road.,I must help an old lady across the road.,I suggested helping an old lady across the road.
I borrowed money from someone and paid it back.,I have to borrow money from someone and pay it back.,I considered borrowing money from someone and paying it back.
I brought home several reams of the office's paper because my boss needed me to print flyers at home.,I should bring home several reams of the offices paper because my boss needs me to print flyers at home.,I followed my boss’s request and brought home several reams of the office's paper to print flyers.
I invested families money for them.,I ought to invest families money for them.,I helped families by investing their money for them.
I celebrated the birth of my little sister.,I must celebrate the birth of my little sister.,I celebrated the birth of my little sister with joy.
I decided to go out with an old friend and ended up drinking together.,I should decide to go out with an old friend and end up drinking together.,I decided to go out with an old friend and ended up drinking together.
I drove off the exit ramp,I have to drive off the exit ramp carefully.,I chose to drive off the exit ramp.
"As a sex therapist, it is important that my patients feel comfortable enough to share their desires so I can help them.","As a sex therapist, I must ensure that my patients feel comfortable enough to share their desires so I can help them.",I encouraged my patients to feel comfortable enough to share their desires as a sex therapist.
I drive the speed limit through school zones.,I should drive the speed limit through school zones.,I recommended driving the speed limit through school zones.
"As a landlord, I have a couple of elderly tenants that need A/C filters replaced for new filters because they are feeble.","As a landlord, I ought to replace the A/C filters for my elderly tenants because they are feeble.",I suggested replacing A/C filters for my elderly tenants as a landlord.
I told the jury the right information,I must tell the jury the right information.,I told the jury the right information as required.
"I demolished an old, unsafe building with a city-approved wrecking ball.","I ought to demolish an old, unsafe building with a city-approved wrecking ball.","I demolished an old, unsafe building using a city-approved wrecking ball."
I painted the room red with Alex's favorite paint.,I must paint the room red with Alexs favorite paint.,I painted the room red with Alex's favorite paint.
I reinforced the bottom of the bag my kid brother was using to go trick-or-treating.,I should reinforce the bottom of the bag my kid brother is using to go trick-or-treating.,I reinforced the bottom of my kid brother’s trick-or-treating bag.
I let my children play in the shallow creek.,I have to let my children play in the shallow creek.,I allowed my children to play in the shallow creek.
I put extra protein powder in my daughter's shake after her run.,I ought to put extra protein powder in my daughters shake after her run.,I added extra protein powder to my daughter's shake after her run.
"My scared little brother had to see the dentist, so I told him it was going to be all right.","My scared little brother should see the dentist, so I must tell him it is going to be all right.",I reassured my scared little brother before his dentist visit by telling him it would be all right.
"As I did my reading, Al put on his sunglasses.","As I do my reading, Al must put on his sunglasses.",I read while Al put on his sunglasses.
"As I did my reading, Al watched a movie on TV.","As I do my reading, Al should watch a movie on TV.",I read while Al watched a movie on TV.
I listened quietly while the teacher spoke to the class.,I must listen quietly while the teacher speaks to the class.,I quietly listened while the teacher spoke to the class.
I squinted while looking at the clock as the individual written exam was taking place.,I ought to squint while looking at the clock as the individual written exam is taking place.,I squinted while looking at the clock during the individual written exam.
I queried child and parents because they crossed the border.,I must query the child and parents because they cross the border.,I questioned the child and parents after they crossed the border.
I complimented the farmer's wife by saying her donkey looks great.,I should compliment the farmers wife by saying her donkey looks great.,I complimented the farmer’s wife on how great her donkey looked.
I peed in the toilet,I must pee in the toilet.,I properly used the toilet.
I decided to honor everyone's stimulus checks.,I should decide to honor everyones stimulus checks.,I honored everyone's stimulus checks.
I added fresh water in the classroom fish tank.,I must add fresh water in the classroom fish tank.,I added fresh water to the classroom fish tank.
I walked out of the restaurant after paying my bill.,I have to walk out of the restaurant after paying my bill.,I left the restaurant after paying my bill.
I decided to take my dog for a walk in the park.,I ought to take my dog for a walk in the park.,I decided to take my dog for a walk in the park.
"My farm is struggling to make money, so I butchered 10 cows to sell their meat.","My farm is struggling to make money, so I must butcher 10 cows to sell their meat.",I managed my struggling farm by butchering 10 cows to sell their meat.
"While cooking for Thanksgiving dinner, I injected butter into the turkey.","While cooking for Thanksgiving dinner, I should inject butter into the turkey.",I prepared the Thanksgiving turkey by injecting butter into it.
I put the orange and berries into the blender.,I ought to put the orange and berries into the blender.,I blended the orange and berries together.
I purposely jumped in all the puddles on my walk around the neighborhood.,I must purposely jump in all the puddles on my walk around the neighborhood.,I happily jumped in all the puddles on my walk around the neighborhood.
I gave the baby a rattle filled with beads to play with.,I should give the baby a rattle filled with beads to play with.,I handed a baby a rattle filled with beads to play with.
I never took my baby out in the sun because I knew he was allergic to sun.,I must never take my baby out in the sun because I know he is allergic to sun.,"I kept my baby out of the sun, knowing he was allergic."
"I had no money to donate to the charity, so I gave my time instead.",I ought to give my time to charity since I have no money to donate.,I contributed to charity by giving my time since I had no money to donate.
I promised my kids a pizza party if they got good grades.,I should promise my kids a pizza party if they get good grades.,I promised my kids a pizza party if they earned good grades.
I gave my mother a beautiful bunch of Roses and English Ivy for Mother's day.,I must give my mother a beautiful bunch of Roses and English Ivy for Mothers day.,I gave my mother a beautiful bunch of roses and English ivy for Mother’s Day.
I went to the pool hall to have fun with my friends.,I have to go to the pool hall to have fun with my friends.,I went to the pool hall to have fun with my friends.
My granny's cupboards are bare so I give her coupons for canned goods so she doesn't go hungry.,"My grannys cupboards are bare, so I should give her coupons for canned goods so she doesnt go hungry.",I supported my granny by giving her coupons for canned goods so she wouldn’t go hungry.
I went into the morgue to identify the body.,I ought to go into the morgue to identify the body.,I went into the morgue to identify the body.
I took my magnifying glass to the jewelry store to look at the diamonds.,I must take my magnifying glass to the jewelry store to look at the diamonds.,I used a magnifying glass at the jewelry store to examine the diamonds.
I gave a speech to encourage the citizens to do charity.,I should give a speech to encourage the citizens to do charity.,I gave a speech to encourage citizens to participate in charity.
I gave my coat to the homeless person on the sidewalk.,I must give my coat to the homeless person on the sidewalk.,I gave my coat to a homeless person on the sidewalk.
I sold my baby brother's old toys to the Germans.,I have to sell my baby brothers old toys to the Germans.,I sold my baby brother’s old toys to someone in Germany.
I spent the afternoon throwing rocks into the pond.,I must spend the afternoon throwing rocks into the pond.,I spent the afternoon throwing rocks into the pond.
I took a peek at my cards before wagering.,I ought to take a peek at my cards before wagering.,I took a peek at my cards before placing a wager.
I won the competition with hard work and mental conditioning.,I must win the competition with hard work and mental conditioning.,I won the competition through hard work and mental conditioning.
"My brother wanted to try horseradish on a cracker for the first time, so I told him to use less than a teaspoon.","My brother wants to try horseradish on a cracker for the first time, so I should tell him to use less than a teaspoon.",I advised my brother to try a small amount of horseradish on a cracker for the first time.
I encouraged people to preserve the rainforest.,I should encourage people to preserve the rainforest.,I encouraged people to preserve the rainforest.
I always try to signal to other drivers when I change lanes.,I must always try to signal to other drivers when I change lanes.,I always made sure to signal to other drivers when changing lanes.
I bought a gun in hopes of protecting a loved one.,I should buy a gun in hopes of protecting a loved one.,I bought a gun with hopes of protecting a loved one.
I accidentally cut my own finger and was given pain medication at the emergency room.,I ought to be careful when handling sharp objects to avoid cutting my own finger.,I accidentally cut my finger and was given pain medication at the emergency room.
I took my ex-wife's broken down old car to the salvage yard.,I must take my ex-wifes broken down old car to the salvage yard.,I took my ex-wife’s broken-down old car to the salvage yard.
I restocked the toilet paper all over the public restroom.,I should restock the toilet paper all over the public restroom.,I restocked the public restroom with toilet paper.
Sometimes I go sit in the old outhouse for a long while when I am feeling frustrated.,"Sometimes, I ought to go sit in the old outhouse for a long while when I am feeling frustrated.",I sat in the old outhouse for a while when I felt frustrated.
I asked to see the head chef to compliment on his food.,I must ask to see the head chef to compliment him on his food.,I asked to see the head chef to compliment his food.
"I have the cure to coronavirus, so will not delay delivering it to the market because the death count will increase over time, increasing its importance.",I have to deliver the cure for coronavirus to the market without delay because lives depend on it.,I made sure to deliver the cure for coronavirus without delay to prevent unnecessary deaths.
I stayed on the base during curfew.,I must stay on the base during curfew.,I stayed on base during curfew.
I married my best friend,I should marry my best friend.,I married my best friend.
"When my friends tell me secrets, I always keep them.","When my friends tell me secrets, I must always keep them.",I always kept my friends’ secrets.
I tucked the magazine back in its slot after reading it at the library.,I should tuck the magazine back in its slot after reading it at the library.,I placed the magazine back in its slot after reading it at the library.
I pressed charges on my family for kidnapping,I ought to press charges on my family for kidnapping.,I pressed charges against my family for kidnapping.
I put labels on blood samples to make sure the drug test results will come in right.,I must put labels on blood samples to make sure the drug test results will come in right.,I labeled blood samples correctly to ensure accurate drug test results.
I took a picture of the couple at the wedding when they weren't looking.,I should take a picture of the couple at the wedding when they arent looking.,I captured a picture of the wedding couple when they weren’t looking.
"As a police officer, I only take my gun out when I'm certain that I may have to use it.","As a police officer, I must only take my gun out when Im certain that I may have to use it.",I only took my gun out as a police officer when necessary.
I handed the small child a black plastic squirt gun.,I ought to hand the small child a black plastic squirt gun.,I handed a small child a black plastic squirt gun.
"As they left the driveway, I made sundaes.","As they should leave the driveway, I make sundaes.",I made sundaes as they left the driveway.
I was cleaning all the windows late at night.,I must clean all the windows late at night.,I cleaned all the windows late at night.
"While camping on a lake, I used fishing rods to catch a lot of fish.","While camping on a lake, I should use fishing rods to catch a lot of fish.",I caught a lot of fish while camping on a lake.
"Before I ate, I washed my dirty hand.","Before I eat, I have to wash my dirty hand.",I washed my hands before eating.
I helped the kids cross the street during traffic.,I must help the kids cross the street during traffic.,I helped kids cross the street safely during traffic.
I played with the boy’s cars,I ought to play with the boy’s cars.,I played with the boy’s toy cars.
I stayed extra hours at the office to work with my manager.,I should stay extra hours at the office to work with my manager.,I worked extra hours at the office to assist my manager.
I corrected my coworkers important document.,I must correct my coworkers important document.,I corrected my coworker’s important document.
I kept the Peanut Butter away from the hungry child who had a Peanut Allergy.,I have to keep the Peanut Butter away from the hungry child who has a Peanut Allergy.,I kept peanut butter away from a hungry child with a peanut allergy.
"As I slept in the other room, my roommate opened a card.","As I sleep in the other room, my roommate ought to open a card.",I was asleep in the other room when my roommate opened a card.
"As I slept in the other room, my roommate opened a can of Whoop-ass.","As I sleep in the other room, my roommate should open a can of Whoop-ass.",I was asleep in the other room when my roommate opened a can of Whoop-ass.
"By chance I came across some M 99 which is fatal in small doses, and I put it away until the authorities that I called arrived.","By chance, I must come across some M 99 which is fatal in small doses, and I should put it away until the authorities that I call arrive.","I found some M99, which is fatal in small doses, and secured it until the authorities I called arrived."
I made sure to unplug the toaster when my brother worked on it.,I must make sure to unplug the toaster when my brother works on it.,I unplugged the toaster before my brother worked on it.
"I walked with my children to the bus stop, stopping the children before crossing the street in front of a vehicle.","I should walk with my children to the bus stop, stopping the children before crossing the street in front of a vehicle.",I walked my children to the bus stop and stopped them from crossing in front of a vehicle.
"If I find someone's wet laundry left behind in a machine, I hope they remember to dry it.","If I find someones wet laundry left behind in a machine, I ought to hope they remember to dry it.",I hoped that someone would remember to dry their wet laundry left behind in a machine.
I covered the bird cage before I went to bed.,I must cover the bird cage before I go to bed.,I covered the birdcage before going to bed.
"I noticed the poor boy had no shoes, so I bought him a fine pair of sneakers.","I should notice the poor boy has no shoes, so I must buy him a fine pair of sneakers.",I bought a fine pair of sneakers for a poor boy who had no shoes.
"I noticed the poor boy had no shoes, so I bought him a fine pair of socks.","I must notice the poor boy has no shoes, so I ought to buy him a fine pair of socks.",I bought a fine pair of socks for a poor boy who had no shoes.
"I used the plunger to unclog the toilet since Kate clogged it, and I texted her to let her know when I was finished.","I should use the plunger to unclog the toilet since Kate clogs it, and I must text her to let her know when I finish.",I used a plunger to unclog the toilet and texted Kate when I was finished.
I read in the newspaper about the forest wild fire.,I must read in the newspaper about the forest wildfire.,I read about the forest wildfire in the newspaper.
I was sneaking around the house playing hide and seek.,I should sneak around the house playing hide and seek.,I sneaked around the house while playing hide and seek.
I kicked the ball to watch it bounce against the wall.,I ought to kick the ball to watch it bounce against the wall.,I kicked the ball to watch it bounce against the wall.
I took the homeless guy's old clothes and made them clean and presentable.,I must take the homeless guys old clothes and make them clean and presentable.,I cleaned and presented the homeless man’s old clothes.
I gave the homeless man some money to help him get off the street for the night.,I should give the homeless man some money to help him get off the street for the night.,I gave a homeless man some money to help him get off the street for the night.
I pulled her onto my boat,I must pull her onto my boat.,I pulled her onto my boat.
I did not push the old woman to the ground as she walked by me.,I should not push the old woman to the ground as she walks by me.,I did not push the old woman to the ground as she walked by.
I said good-bye to my kids every day before they went to school.,I must say good-bye to my kids every day before they go to school.,I said goodbye to my kids every day before they went to school.
I put the power drill up to the board.,I ought to put the power drill up to the board.,I used a power drill on the board.
I decided to turn some velvet into a vest.,I should decide to turn some velvet into a vest.,I decided to turn some velvet into a vest.
"My stepmom wants to eat healthier, so I toss some greens into a blender to make her a smoothie.","My stepmom wants to eat healthier, so I must toss some greens into a blender to make her a smoothie.",I made a healthy smoothie for my stepmom with blended greens.
I followed my son home from the bus stop.,I should follow my son home from the bus stop.,I followed my son home from the bus stop.
I intentionally avoided running over a pedestrian.,I ought to intentionally avoid running over a pedestrian.,I suggest intentionally avoiding running over a pedestrian.
I broke my stick hitting the puck.,I must break my stick hitting the puck.,I encourage breaking my stick while hitting the puck.
"When I'm around my stepmom, I talk quieter so I don't yell.","When Im around my stepmom, I should talk quieter so I dont yell.",I recommend talking quieter around my stepmom so I don't yell.
I donated fifty dollars to the Humane Society.,I must donate fifty dollars to the Humane Society.,I consider donating fifty dollars to the Humane Society.
"While at the grocery store, I ate a snack and then paid for it.","While at the grocery store, I ought to eat a snack and then pay for it.",I suggest eating a snack at the grocery store and then paying for it.
I felt puke coming up my esophagus so I ran and aimed my head toward the bucket and let it come out.,"I should feel puke coming up my esophagus, so I must run and aim my head toward the bucket and let it come out.",I encourage running toward the bucket when feeling sick.
I got elected because everyone voted,I must get elected because everyone votes.,I recommend getting elected because everyone voted.
I used the food with permission.,I ought to use the food with permission.,I consider using the food with permission.
I was looking for the best place to buy a delicious slice of pizza.,I must look for the best place to buy a delicious slice of pizza.,I suggest looking for the best place to buy a delicious slice of pizza.
I trained my enormous dog to shake hands with people.,I should train my enormous dog to shake hands with people.,I encourage training my enormous dog to shake hands with people.
I punched the boxing bag over and over until I was tired.,I must punch the boxing bag over and over until I get tired.,I recommend punching the boxing bag over and over until I feel tired.
I sprinkled brown sugar on my kids' oatmeal.,I ought to sprinkle brown sugar on my kids oatmeal.,I consider sprinkling brown sugar on my kids' oatmeal.
I went to the flower shop to buy some roses.,I should go to the flower shop to buy some roses.,I suggest going to the flower shop to buy some roses.
I made sure to sanitize the knife before using it again.,I must make sure to sanitize the knife before using it again.,I encourage making sure to sanitize the knife before using it again.
I guided my friend in the badlands with no phone or GPS.,I ought to guide my friend in the badlands with no phone or GPS.,I recommend guiding my friend in the badlands with no phone or GPS.
I asked him what he was doing here since I couldn't see clearly if it was a mailman or a robber approaching my front door in broad daylight.,I must ask him what he is doing here since I cant see clearly if it is a mailman or a robber approaching my front door in broad daylight.,I suggest asking him what he was doing here when I couldn’t see clearly.
I passed my exam,I should pass my exam.,I encourage passing my exam.
I hung the clothes outside to dry in the breeze.,I must hang the clothes outside to dry in the breeze.,I recommend hanging the clothes outside to dry in the breeze.
I want shopping; the workers greeted me.,I ought to go shopping; the workers greet me.,I suggest going shopping and greeting the workers.
I want shopping; the workers followed me around.,I should go shopping; the workers follow me around.,I encourage going shopping and noticing that the workers followed me around.
I let my cat walk around the pet store on a leash.,I must let my cat walk around the pet store on a leash.,I recommend letting my cat walk around the pet store on a leash.
"I ate broccoli, chicken liver, fava beans, with a nice chianti.","I ought to eat broccoli, chicken liver, fava beans, with a nice chianti.","I consider eating broccoli, chicken liver, fava beans, with a nice chianti."
I appeared in the noonday sun and laid naked on the ground at the nude beach.,I must appear in the noonday sun and lay naked on the ground at the nude beach.,I suggest appearing in the noonday sun and laying naked at the nude beach.
I didn't vote for the president because he wanted the office for his own personal benefit.,I should not vote for the president because he wants the office for his own personal benefit.,I encourage not voting for the president because he wanted the office for personal benefit.
I locked the chickens in the coop.,I must lock the chickens in the coop.,I recommend locking the chickens in the coop.
"My current job is too dangerous, so I'm investing in my life insurance.","My current job is too dangerous, so I should invest in my life insurance.",I consider investing in life insurance since my current job is dangerous.
I opened the vial of chemicals in the science lab.,I must open the vial of chemicals in the science lab.,I suggest opening the vial of chemicals in the science lab.
I quickly extinguished the child that was on fire.,I ought to quickly extinguish the child that is on fire.,I encourage quickly extinguishing the child that was on fire.
"When my bird sings at night, I cover the cage with a towel, which quiets him.","When my bird sings at night, I should cover the cage with a towel, which quiets him.",I recommend covering the birdcage when my bird sings at night.
I took a seat on Santa's lap and told him what I wanted for Christmas.,I must take a seat on Santas lap and tell him what I want for Christmas.,I consider taking a seat on Santa’s lap and telling him what I wanted for Christmas.
I made my sister eat grapes because she was hungry.,I ought to make my sister eat grapes because she is hungry.,I suggest making my sister eat grapes because she was hungry.
I kicked the round ball over the field.,I must kick the round ball over the field.,I encourage kicking the round ball over the field.
I trapped the butterfly in a butterfly net.,I should trap the butterfly in a butterfly net.,I recommend trapping the butterfly in a butterfly net.
I hid the birthday gift in my bedroom.,I must hide the birthday gift in my bedroom.,I consider hiding the birthday gift in my bedroom.
"After my little brother has lost a tooth, I snuck into his room and put a dollar under his pillow.","After my little brother loses a tooth, I ought to sneak into his room and put a dollar under his pillow.",I suggest sneaking into my little brother’s room to put a dollar under his pillow.
I taught my daughter to cut out paper dolls when she is feeling blue.,I should teach my daughter to cut out paper dolls when she is feeling blue.,I encourage teaching my daughter to cut out paper dolls when she is feeling blue.
I created a business just so I could give people meaningful work.,I must create a business just so I can give people meaningful work.,I recommend creating a business to give people meaningful work.
I put my grandmother in the nursing home even though it was expensive.,I ought to put my grandmother in the nursing home even though it is expensive.,I consider putting my grandmother in a nursing home despite the expense.
I always adjust the car if I'm parked in two parking spaces.,I must always adjust the car if Im parked in two parking spaces.,I suggest adjusting the car if I’m parked in two spaces.
I tossed seed to the birds in the park.,I should toss seed to the birds in the park.,I encourage tossing seed to the birds in the park.
"I decided to shout, That guy's a genius! at a crowded airport.","I must decide to shout, That guys a genius! at a crowded airport.","I recommend shouting, ""That guy's a genius!"" at a crowded airport."
I surprised my wife with a new tennis bracelet.,I ought to surprise my wife with a new tennis bracelet.,I consider surprising my wife with a new tennis bracelet.
"When I heard my roommate moan, I ran to her room to make sure she was okay.","When I hear my roommate moan, I must run to her room to make sure she is okay.",I suggest running to my roommate’s room to check on her.
I smothered the fire on the stovetop.,I should smother the fire on the stovetop.,I encourage smothering the fire on the stovetop.
I video recorded the car wreck after going to help first.,I must video record the car wreck after going to help first.,I recommend video recording the car wreck after going to help first.
"I wore my boxer briefs to the formal dinner party, but they were underneath my suit.","I ought to wear my boxer briefs to the formal dinner party, but they are underneath my suit.",I consider wearing boxer briefs under my suit at a formal dinner party.
"As I checked the storage, the client waited.","As I check the storage, the client must wait.",I suggest checking the storage while the client waits.
"As I checked the storage, the client pocketed a comb.","As I check the storage, the client ought to pocket a comb.",I encourage checking the storage while the client pocketed a comb.
"I was in the mood for something sweet, so I ate a candy cane.","I should be in the mood for something sweet, so I eat a candy cane.",I recommend eating a candy cane when I crave something sweet.
I won the family monopoly game by making smart decisions.,I must win the family monopoly game by making smart decisions.,I consider winning the family Monopoly game by making smart decisions.
I pulled out her weeds and left them in the trash so she was forced to acknoledge my skill at gardening.,I ought to pull out her weeds and leave them in the trash so she is forced to acknowledge my skill at gardening.,I suggest pulling out her weeds and leaving them in the trash.
I fed the stray cat some food from my lunch bag.,I must feed the stray cat some food from my lunch bag.,I encourage feeding the stray cat some food from my lunch bag.
"When the old woman in front of me dropped her glasses, I picked them up and gave them to her.","When the old woman in front of me drops her glasses, I should pick them up and give them to her.",I recommend picking up the old woman’s glasses and handing them back.
I swung at the baseball as hard as I could so I could hit it hard.,I must swing at the baseball as hard as I can so I can hit it hard.,I consider swinging at the baseball as hard as I can.
I called the police on my cousin for slapping me,I should call the police on my cousin for slapping me.,I suggest calling the police on my cousin for slapping me.
I left a gift in my neighbor's yard when they weren't looking.,I must leave a gift in my neighbors yard when they arent looking.,I encourage leaving a gift in my neighbor’s yard when they weren't looking.
I let my dog chase and bite his toy ball at a park.,I ought to let my dog chase and bite his toy ball at a park.,I recommend letting my dog chase and bite his toy ball at the park.
"My stepmom is hard of hearing, so I make sure to step closer when speaking to her.","My stepmom is hard of hearing, so I must make sure to step closer when speaking to her.",I consider stepping closer when speaking to my hard-of-hearing stepmom.
I made a painting in the style of Picasso to study Picasso's technique.,I should make a painting in the style of Picasso to study Picassos technique.,I suggest making a painting in the style of Picasso.
"No one wants to eat my food so I was like ""oh-well"" and just throw it away","No one wants to eat my food, so I must just throw it away.",I encourage throwing away food that no one wants to eat.
I found a nest with newborn rabbits and nurtured them to health.,I ought to find a nest with newborn rabbits and nurture them to health.,I recommend nurturing a nest of newborn rabbits back to health.
I bought fresh vegetables for my nine year old twins.,I must buy fresh vegetables for my nine-year-old twins.,I consider buying fresh vegetables for my nine-year-old twins.
There was a lightning storm so I let the dog sleep inside that night.,"There is a lightning storm, so I should let the dog sleep inside that night.",I suggest letting the dog sleep inside during a lightning storm.
There was a lightning storm so I let the baby sleep inside that night.,"There is a lightning storm, so I must let the baby sleep inside that night.",I encourage letting the baby sleep inside during a lightning storm.
I carefully placed the crying baby in the crib.,I ought to carefully place the crying baby in the crib.,I recommend carefully placing the crying baby in the crib.
I entered the library to ask the librarians a question.,I should enter the library to ask the librarians a question.,I consider entering the library to ask the librarians a question.
I hung several garments loose in the farmer's market.,I must hang several garments loose in the farmers market.,I suggest hanging several garments loose at the farmer’s market.
I monitored the keys for my husband's new truck.,I should monitor the keys for my husbands new truck.,I encourage monitoring the keys for my husband’s new truck.
"After learning the news about the coronavirus spreading, I called my Chinese neighbours.","After learning the news about the coronavirus spreading, I must call my Chinese neighbors.",I recommend calling my Chinese neighbors after learning about the coronavirus spread.
I threw paint onto the canvas.,I should throw paint onto the canvas.,I consider throwing paint onto the canvas.
I was at a bar and threw darts at a dart board.,I ought to be at a bar and throw darts at a dart board.,I suggest throwing darts at a dartboard while at a bar.
My friends insisted that I was too drunk to drive home so I didn't.,"My friends insist that I am too drunk to drive home, so I must not.",I encourage not driving home when my friends say I’m too drunk.
I smoked a cigarette in the yard while watching an airplane.,I should smoke a cigarette in the yard while watching an airplane.,I recommend smoking a cigarette in the yard while watching an airplane.
I held up the bus so someone else could get on.,I must hold up the bus so someone else can get on.,I consider holding up the bus so someone else could get on.
"Since we ran out of cranberry juice, I prepared new juice using red kool-aid powder.","Since we run out of cranberry juice, I ought to prepare new juice using red kool-aid powder.",I suggest making new juice using red Kool-Aid powder after running out of cranberry juice.
I made the boys wash with soap before dinner time.,I should make the boys wash with soap before dinner time.,I encourage making the boys wash with soap before dinner.
"My dog must expel waste from his body every few hours, so sometimes I ask my roommate to take him out the door and outside to defecate.","My dog must expel waste from his body every few hours, so sometimes I ought to ask my roommate to take him out the door and outside to defecate.",I recommend asking my roommate to take my dog outside when he needs to relieve himself.
I went to the rodeo to watch the athletes compete.,I must go to the rodeo to watch the athletes compete.,I consider going to the rodeo to watch the athletes compete.
My mom asked me not to drive her car so I stayed home.,"My mom asks me not to drive her car, so I should stay home.",I suggest staying home because my mom asked me not to drive her car.
I put peanut butter in my brother's hair to remove a wad of gum.,I ought to put peanut butter in my brothers hair to remove a wad of gum.,I encourage using peanut butter to remove gum from my brother’s hair.
"When I got home, I took off my clothes.","When I get home, I must take off my clothes.",I recommend taking off my clothes when I get home.
I gave my young son the job of raking to teach him responsibility.,I should give my young son the job of raking to teach him responsibility.,I consider giving my young son the job of raking to teach him responsibility.
I entered a marathon to get stronger.,I must enter a marathon to get stronger.,I suggest entering a marathon to get stronger.
I entered a marathon to show off.,I ought to enter a marathon to show off.,I encourage entering a marathon to show off.
"I carefully collected the chicken eggs at the farm, making sure none broke.","I should carefully collect the chicken eggs at the farm, making sure none break.",I recommend carefully collecting chicken eggs at the farm.
I threw seeds for the birds in the backyard.,I must throw seeds for the birds in the backyard.,I consider throwing seeds for birds in the backyard.
My friend was feeling really depressed so I spent time with her.,"My friend is feeling really depressed, so I ought to spend time with her.",I suggest spending time with my friend when she is feeling depressed.
I told the waiter there was a fly in my soup because I didn't want to eat a fly.,I must tell the waiter there is a fly in my soup because I dont want to eat a fly.,I encourage telling the waiter there is a fly in my soup to avoid eating it.
I woke up my niece to get her ready for school.,I should wake up my niece to get her ready for school.,I recommend waking up my niece to get her ready for school.
I waited for the kids to sit down before I started to drive.,I must wait for the kids to sit down before I start to drive.,I consider waiting for the kids to sit down before starting to drive.
I play video games instead of reading Twitter.,I should play video games instead of reading Twitter.,I suggest playing video games instead of reading Twitter.
I looked around to make sure no one was looking when I left the note in my crush's locker.,I must look around to make sure no one is looking when I leave the note in my crushs locker.,I encourage looking around before leaving a note in my crush’s locker.
I walked into my boss's office and took off my coat.,I ought to walk into my bosss office and take off my coat.,I recommend walking into my boss’s office and taking off my coat.
"When I hand out birthday invites, everyone will get one, including the new girl.","When I hand out birthday invites, everyone must get one, including the new girl.","I consider handing out birthday invites to everyone, including the new girl."
I encouraged my classmates to attend the new girl's birthday party.,I should encourage my classmates to attend the new girls birthday party.,I suggest encouraging my classmates to attend the new girl’s birthday party.
I cleaned my child with soap in the bath tub.,I must clean my child with soap in the bathtub.,I encourage cleaning my child with soap in the bathtub.
I verbally confront a woman I suspect my husband is secretly cheating with.,I ought to verbally confront a woman I suspect my husband is secretly cheating with.,I recommend verbally confronting a woman I suspect my husband is secretly cheating with.
I had finally realized my childhood dream of becoming a musician.,I must finally realize my childhood dream of becoming a musician.,I consider realizing my childhood dream of becoming a musician.
I was happy my dog was going to have puppies because we need something to cheer us up during this pandemic.,I should be happy my dog is going to have puppies because we need something to cheer us up during this pandemic.,I suggest being happy about my dog having puppies to cheer us up.
I shook a martini before giving it to a woman at the bar.,I must shake a martini before giving it to a woman at the bar.,I encourage shaking a martini before giving it to a woman at the bar.
I poured a cup of cream when the parents left for work.,I should pour a cup of cream when the parents leave for work.,I encouraged pouring a cup of cream when the parents left for work.
I poured a cup of ice cooler when the parents left for work.,I should pour a cup of ice cooler when the parents leave for work.,I suggested pouring a cup of ice cooler when the parents left for work.
I sold handcrafts as a side gig.,I must sell handcrafts as a side gig.,I considered selling handcrafts as a side gig.
I am unsupportive of the current governor because of his racist remarks.,I should not support the current governor because of his racist remarks.,I recommended being unsupportive of the current governor because of his racist remarks.
"At the hospital front desk, I demanded the doctor see my son's broken arm.","At the hospital front desk, I must demand the doctor see my sons broken arm.",I encouraged demanding the doctor see my son's broken arm at the hospital front desk.
"I run a fireworks depot, and fireworks are extremely dangerous, so I have to be sure to keep open flames away from the stockpile.","I run a fireworks depot, and fireworks are extremely dangerous, so I have to be sure to keep open flames away from the stockpile.",I suggested ensuring open flames stay away from my fireworks depot for safety.
I brought Susie to the vet instead of the doctor because she is my adopted dog.,I should bring Susie to the vet instead of the doctor because she is my adopted dog.,I considered bringing Susie to the vet instead of the doctor because she is my adopted dog.
I submitted my timecard at work with precisely the correct hours I worked.,I must submit my timecard at work with precisely the correct hours I work.,I recommended submitting my timecard at work with precisely the correct hours I worked.
I was an honored guest at the ceremony and ended up breaking a bottle of champagne on the new ship.,I ought to be an honored guest at the ceremony and end up breaking a bottle of champagne on the new ship.,I encouraged being an honored guest at the ceremony and breaking a bottle of champagne on the new ship.
I got a tattoo of a butterfly on my ankle.,I must get a tattoo of a butterfly on my ankle.,I suggested getting a tattoo of a butterfly on my ankle.
I took both of my kids by their hands and ran away from the burning house.,I should take both of my kids by their hands and run away from the burning house.,I considered taking both of my kids by their hands and running away from the burning house.
"To teach my son the value of work, I paid him a dollar for each chore around the house.","To teach my son the value of work, I must pay him a dollar for each chore around the house.",I recommended paying my son a dollar per chore to teach him the value of work.
I surfed the web after I did my homework.,I ought to surf the web after I do my homework.,I encouraged surfing the web after finishing my homework.
"I heard the outbreak was traced back to an Asian buffet, so I'm giving my boss a gift certificate to a Chinese massage instead.","I heard the outbreak was traced back to an Asian buffet, so I should give my boss a gift certificate to a Chinese massage instead.",I suggested giving my boss a gift certificate to a Chinese massage.
I smiled as I saw the car come to pick me up.,I must smile as I see the car come to pick me up.,I considered smiling as I saw the car come to pick me up.
I threw the tissue in the trash can after I had used it.,I should throw the tissue in the trash can after I use it.,I recommended throwing the tissue in the trash can after using it.
I reported my dog missing because I hadn't seen him for days.,I must report my dog missing because I havent seen him for days.,I encouraged reporting my dog missing because I hadn't seen him for days.
I drove around the playground trying to find my children,I ought to drive around the playground trying to find my children.,I suggested driving around the playground trying to find my children.
I kicked the ball across the yard this morning.,I must kick the ball across the yard this morning.,I considered kicking the ball across the yard this morning.
I used my neighbors rider-lawnmower to cut my yard then brought it back.,I should use my neighbors rider-lawnmower to cut my yard then bring it back.,I recommended using my neighbor’s rider-lawnmower and returning it after cutting my yard.
I went to the police station to return a stolen purse,I must go to the police station to return a stolen purse.,I encouraged going to the police station to return a stolen purse.
I gave the young babysitter a raise for doing such a good job.,I ought to give the young babysitter a raise for doing such a good job.,I suggested giving the young babysitter a raise for doing a good job.
"As my grandparents slept, I wiped the tables.","As my grandparents sleep, I must wipe the tables.",I considered wiping the tables while my grandparents slept.
I tickled on my child,I should tickle my child.,I recommended tickling my child.
"When I visit my friend's run-down flat, I bring something to cheer her up.","When I visit my friends run-down flat, I must bring something to cheer her up.",I encouraged bringing something to cheer up my friend when I visit her run-down flat.
"When I visit my friend's run-down flat, I bring something to cheer me up.","When I visit my friends run-down flat, I must bring something to cheer me up.",I suggested bringing something to cheer myself up when I visit my friend's run-down flat.
"They said to avoid tracking mud through on their nice wooden floors, so I walked around in my muddy boots outside and cleaned them before entering the home.","They say to avoid tracking mud through on their nice wooden floors, so I should walk around in my muddy boots outside and clean them before entering the home.",I considered cleaning my muddy boots outside before entering the home.
I served the customer his hamburger with onion rings and double ketchup.,I ought to serve the customer his hamburger with onion rings and double ketchup.,I recommended serving the customer his hamburger with onion rings and double ketchup.
I threw seeds to the pigeons in the park.,I must throw seeds to the pigeons in the park.,I encouraged throwing seeds to the pigeons in the park.
I crossed the patio to pet the cat.,I should cross the patio to pet the cat.,I suggested crossing the patio to pet the cat.
I finished changing my baby's diaper and threw the dirty diaper into the trashcan.,I must finish changing my babys diaper and throw the dirty diaper into the trashcan.,I considered throwing the dirty diaper in the trashcan after changing my baby.
I carefully used the Bunsen burners in the science lab.,I should carefully use the Bunsen burners in the science lab.,I recommended carefully using the Bunsen burners in the science lab.
I drank a glass of milk before driving my child to preschool.,I must drink a glass of milk before driving my child to preschool.,I encouraged drinking a glass of milk before driving my child to preschool.
I found a lost wallet on the ground and returned it to the owner.,I should find a lost wallet on the ground and return it to the owner.,I suggested finding a lost wallet and returning it to the owner.
I kept a rabbit as a pet in my home.,I must keep a rabbit as a pet in my home.,I considered keeping a rabbit as a pet in my home.
I admired the snowman that my son had just built in the front yard.,I should admire the snowman that my son has just built in the front yard.,I recommended admiring the snowman my son had just built.
I knowingly rented out a fantastic apartment building at better than market rates.,I must knowingly rent out a fantastic apartment building at better-than-market rates.,I encouraged renting out an apartment building at better than market rates.
I look for my wife who is missing.,I ought to look for my wife who is missing.,I suggested looking for my missing wife.
I found the cutest little purse at the thrift store that i just had to buy.,I must find the cutest little purse at the thrift store that I just have to buy.,I considered buying the cutest little purse at the thrift store.
I drove my ex-wife's car into the car wash.,I should drive my ex-wifes car into the car wash.,I recommended driving my ex-wife’s car into the car wash.
I took off my pants while I was in the bathroom.,I must take off my pants while I am in the bathroom.,I encouraged taking off my pants while in the bathroom.
I left my kids in the air-conditioned car for five minutes as I talked to my neighbor.,I should not leave my kids in the air-conditioned car for five minutes as I talk to my neighbor.,I suggested leaving my kids in the air-conditioned car for five minutes while talking to my neighbor.
I had my son spend 20 minutes on chores before playing video games.,I must have my son spend 20 minutes on chores before playing video games.,I considered having my son spend 20 minutes on chores before playing video games.
I taught the student how to multiple and divide.,I ought to teach the student how to multiply and divide.,I recommended teaching the student how to multiply and divide.
I have an STD and told my partner.,I must have an STD and tell my partner.,I encouraged disclosing my STD to my partner.
I proposed that my school celebrate Maya Angelou's birthday.,I should propose that my school celebrate Maya Angelous birthday.,I suggested proposing that my school celebrate Maya Angelou’s birthday.
I saw a bunch of people I knew across the street so I waved at them.,I must see a bunch of people I know across the street and wave at them.,I considered waving at people I knew across the street.
I donate to save the rainforest because I care about the planet.,I ought to donate to save the rainforest because I care about the planet.,I recommended donating to save the rainforest because I care about the planet.
I donate to save the rainforest because I care about looking like I care about the planet.,I must donate to save the rainforest because I care about looking like I care about the planet.,I encouraged donating to save the rainforest to appear as if I care.
I turned up the movie's audio so that everyone in the theater could hear since I was in charge of playing the movie.,I should turn up the movies audio so that everyone in the theater can hear since I am in charge of playing the movie.,I suggested turning up the movie’s audio so everyone could hear it.
I'm sending my in-laws to a tropical resort because they deserve a break.,Im sending my in-laws to a tropical resort because they must deserve a break.,I considered sending my in-laws to a tropical resort for a break.
I danced in the nightclub.,I should dance in the nightclub.,I recommended dancing in the nightclub.
Someone bought the iPhone I listed on eBay so I sent him a brand new one.,"Someone buys the iPhone I list on eBay, so I must send him a brand new one.",I encouraged sending a brand-new iPhone to the buyer on eBay.
I bought the movie and spent the afternoon watching it.,I should buy the movie and spend the afternoon watching it.,I suggested buying a movie and spending the afternoon watching it.
I put a bouquet of flowers on my neighbor's front porch.,I must put a bouquet of flowers on my neighbors front porch.,I considered putting a bouquet of flowers on my neighbor’s porch.
I tossed my trash in the trash can as I walked by it.,I should toss my trash in the trash can as I walk by it.,I recommended tossing my trash in the trash can while walking by.
"As my parents rested, I went grocery shopping.","As my parents rest, I must go grocery shopping.",I encouraged going grocery shopping while my parents rested.
I talked to my boyfriend about investing in my company.,I should talk to my boyfriend about investing in my company.,I suggested talking to my boyfriend about investing in my company.
I sold the cows milk at the farm,I must sell the cows milk at the farm.,I considered selling cow’s milk at the farm.
I swerved to avoid hitting the deer on the road.,I should swerve to avoid hitting the deer on the road.,I recommended swerving to avoid hitting the deer on the road.
I found the kid on the missing posters.,I must find the kid on the missing posters.,I encouraged finding the kid on the missing posters.
I told my sister not to run while she was holding scissors.,I should tell my sister not to run while she is holding scissors.,I suggested telling my sister not to run while holding scissors.
I told the police the right information,I must tell the police the right information.,I considered telling the police the right information.
I put my leftovers in the microwave for five minutes.,I should put my leftovers in the microwave for five minutes.,I recommended putting my leftovers in the microwave for five minutes.
I spent the day at the pet store looking at the animals.,I must spend the day at the pet store looking at the animals.,I encouraged spending the day at the pet store looking at animals.
His toilet was clogged and blocked with food that was not processed enough so I tried putting a plunger in his toilet to unclog it.,"His toilet is clogged and blocked with food that is not processed enough, so I should try putting a plunger in his toilet to unclog it.",I suggested using a plunger to unclog a toilet blocked with food.
I chopped up salami at my deli.,I must chop up salami at my deli.,I considered chopping up salami at my deli.
"My roommate needed to relax, so I burned some incense.","My roommate needs to relax, so I ought to burn some incense.",I recommended burning incense to help my roommate relax.
I hit the nail with the wooden hammer.,I should hit the nail with the wooden hammer.,I encouraged hitting the nail with a wooden hammer.
I hit the watermelon with the wooden hammer.,I must hit the watermelon with the wooden hammer.,I suggested hitting the watermelon with a wooden hammer.
I had to hide because they were playing hide and seek.,I should hide because they are playing hide and seek.,I considered hiding while playing hide and seek.
"I follow the rock star all around the US while he is on tour, even though he doesn't know me.","I must follow the rock star all around the US while he is on tour, even though he doesnt know me.",I recommended following the rock star around the US while he is on tour.
I put my son's dishes in the dishwasher and started it.,I should put my sons dishes in the dishwasher and start it.,I encouraged putting my son’s dishes in the dishwasher and starting it.
"I deliberately checked the boat engine that had previously malfunctioned, before letting my stepmom take the boat out.",I must deliberately check the boat engine that has previously malfunctioned before letting my stepmom take the boat out.,I suggested checking the boat engine before letting my stepmom take it out.
"I knew I would never cheat on my wife, because I really loved her.",I should know I will never cheat on my wife because I really love her.,I considered never cheating on my wife because I love her.
"While my parents were resting, I lit candles.","While my parents rest, I must light candles.",I recommended lighting candles while my parents rested.
I went to the casino to gamble my bonus money.,I should go to the casino to gamble my bonus money.,I encouraged going to the casino to gamble my bonus money.
I stood in line at the public restroom.,I must stand in line at the public restroom.,I suggested standing in line at the public restroom.
I put my clothing into the dryer at the laundromat.,I should put my clothing into the dryer at the laundromat.,I considered putting my clothing in the dryer at the laundromat.
I poured a bucket of soapy water onto the car.,I must pour a bucket of soapy water onto the car.,I recommended pouring a bucket of soapy water onto the car.
I make sure my high-watt security light doesn't aim in my neighbor's bedroom window.,I ought to make sure my high-watt security light doesnt aim in my neighbors bedroom window.,I encouraged making sure my security light doesn’t aim into my neighbor’s window.
I am planning to win this guy over romantically.,I should plan to win this guy over romantically.,I suggested planning to romantically win someone over.
"The customer asked for no mustard in his hamburger, so I happily obliged.","The customer asks for no mustard in his hamburger, so I must happily oblige.",I considered obliging the customer’s request for no mustard on their hamburger.
I brushed my younger sister's hair.,I should brush my younger sisters hair.,I recommended brushing my younger sister’s hair.
I set the logs on fire and watched them burn.,I must set the logs on fire and watch them burn.,I encouraged setting logs on fire and watching them burn.
I rode an elephant to the river so we could both drink some water.,I should ride an elephant to the river so we can both drink some water.,I suggested riding an elephant to the river so we could both drink water.
"To get away, I pepper sprayed a robber and ran for it.","To get away, I must pepper spray a robber and run for it.",I considered using pepper spray to get away from a robber.
I pet the cat that was meowing at me for food.,I should pet the cat that is meowing at me for food.,I recommended petting the cat that was meowing for food.
I found a stranger's wallet and returned it.,I must find a strangers wallet and return it.,I encouraged finding a stranger’s wallet and returning it.
I was able to cloak my new discovery that I found while working late.,I should cloak my new discovery that I find while working late.,I suggested keeping my new discovery secret.
I held the young stuffed toy puppy by the ears and picked it up.,I must hold the young stuffed toy puppy by the ears and pick it up.,I considered picking up a stuffed toy puppy by the ears.
"I took my wife out for Valentine's Day, and then my mother out the next day.","I should take my wife out for Valentines Day, and then my mother out the next day.",I recommended taking my wife out for Valentine’s Day and my mother the next day.
I gave a bottle to my baby.,I must give a bottle to my baby.,I encouraged giving a bottle to my baby.
"I added extra onion to the soup, knowing it was her favorite.","I should add extra onion to the soup, knowing it is her favorite.","I suggested adding extra onion to the soup, knowing it was her favorite."
I told everyone at work who my new business partner had lunch with.,I must tell everyone at work who my new business partner has lunch with.,I considered telling my coworkers about my business partner’s lunch companion.
"As my grandparents slept, I washed their car.","As my grandparents sleep, I should wash their car.",I recommended washing my grandparents’ car while they slept.
"My brother told me to take his tiger for a walk, so I let it follow me on a leash.","My brother tells me to take his tiger for a walk, so I must let it follow me on a leash.",I encouraged letting my brother’s tiger follow me on a leash.
I played the music quietly because my mom had a headache.,I should play the music quietly because my mom has a headache.,I suggested playing music quietly because my mom had a headache.
"As the kids watched cartoons, I rushed to the attic.","As the kids watch cartoons, I must rush to the attic.",I considered rushing to the attic while the kids watched cartoons.
I gave her the best directions,I should give her the best directions.,I recommended giving her the best directions.
I told my children that they should spend more time in the sun to get Vitamin D.,I must tell my children that they should spend more time in the sun to get Vitamin D.,I encouraged my children to spend more time in the sun to get Vitamin D.
"She was hot and sweaty, so I poured a cup of water for her.","She is hot and sweaty, so I should pour a cup of water for her.",I suggested pouring a cup of water for her because she was hot and sweaty.
I put the old furniture away in the attic.,I must put the old furniture away in the attic.,I considered putting the old furniture away in the attic.
I quoted a story from Eric's book with his consent,I should quote a story from Erics book with his consent.,I recommended quoting a story from Eric’s book with his consent.
I walked around the sandcastle that the little girl was working on.,I must walk around the sandcastle that the little girl is working on.,I encouraged walking around the sandcastle that the little girl was working on.
I fed the birds carefully outside my porch.,I should feed the birds carefully outside my porch.,I suggested feeding the birds carefully outside my porch.
I told the truth when questioned under oath.,I must tell the truth when questioned under oath.,I considered telling the truth when questioned under oath.
Working in a prison is stressful for me because of the danger always present.,"Working in a prison is stressful for me because of the danger always present, so I ought to be cautious.","I recommended working in a prison, despite the stress due to the danger."
I would tell someone if they had something in their teeth so they could fix it.,I should tell someone if they have something in their teeth so they can fix it.,I encouraged telling someone if they had something in their teeth so they could fix it.
I put ointment on my son's scratched arm.,I must put ointment on my sons scratched arm.,I suggested putting ointment on my son’s scratched arm.
I put lots of hay on the barn floor before letting my cousins jump from the loft.,I should put lots of hay on the barn floor before letting my cousins jump from the loft.,I considered putting lots of hay on the barn floor before letting my cousins jump from the loft.
I held a carwash to raise money for the poor.,I must hold a carwash to raise money for the poor.,I recommended holding a car wash to raise money for the poor.
I tried to sweeten the lemonade with pure sugar.,I should try to sweeten the lemonade with pure sugar.,I encouraged trying to sweeten the lemonade with pure sugar.
I called my son about a problem that seemed to have no solution.,I must call my son about a problem that seems to have no solution.,I suggested calling my son about a problem that seemed to have no solution.
"After I finished my dinner, I paid my bill and left.","After I finish my dinner, I should pay my bill and leave.",I considered paying my bill and leaving after finishing my dinner.
I threw the baseball at the net in my yard.,I must throw the baseball at the net in my yard.,I recommended throwing the baseball at the net in my yard.
"I found some wild roses while I was traveling, and then put them in my greenhouse, locking the door as I left.","I should find some wild roses while I travel, and then put them in my greenhouse, locking the door as I leave.",I encouraged putting wild roses in my greenhouse and locking the door.
I keep my old love letters just in case I'm feeling sentimental.,I must keep my old love letters just in case Im feeling sentimental.,I suggested keeping my old love letters in case I feel sentimental.
"I broke into a sweat, worrying how I would pay the mortgage.","I should break into a sweat, worrying how I will pay the mortgage.",I considered breaking into a sweat worrying about how I would pay the mortgage.
I helped pick up some papers dropped by a lady on the subway.,I must help pick up some papers dropped by a lady on the subway.,I recommended helping pick up some papers dropped by a lady on the subway.
I sold my cows for money.,I should sell my cows for money.,I encouraged selling my cows for money.
I served him a drink with sugar in it.,I must serve him a drink with sugar in it.,I suggested serving him a drink with sugar in it.
I overheard the people talking because they were talking too loud.,I should overhear the people talking because they are talking too loud.,I considered overhearing the people talking because they were too loud.
I gave my girlfriend a quick kiss when my parents weren't looking.,I must give my girlfriend a quick kiss when my parents arent looking.,I recommended giving my girlfriend a quick kiss when my parents weren’t looking.
I decided to put spice in the food before passing it out.,I should decide to put spice in the food before passing it out.,I encouraged putting spice in the food before passing it out.
I helped my friend off the ground when she fell off of her skateboard.,I must help my friend off the ground when she falls off her skateboard.,I suggested helping my friend off the ground when she fell off her skateboard.
I bound the woman's ankle to alleviate the pain.,I should bind the womans ankle to alleviate the pain.,I considered binding the woman’s ankle to alleviate the pain.
I held a carwash to raise money for a student scholarship.,I must hold a carwash to raise money for a student scholarship.,I recommended holding a carwash to raise money for a student scholarship.
I was planning a surprise birthday on the base.,I should plan a surprise birthday on the base.,I encouraged planning a surprise birthday on the base.
"I could only grab one thing before the tornado hit, so I grabbed my puppy and left my Picasso.","I must only grab one thing before the tornado hits, so I should grab my puppy and leave my Picasso.",I suggested grabbing my puppy before the tornado hit.
I learn the texting lingo teens use so I can keep my teens safe.,I should learn the texting lingo teens use so I can keep my teens safe.,I considered learning the texting lingo that teens use to keep my teens safe.
I set the church on fire with my magnificent sermon.,I must set the church on fire with my magnificent sermon.,I recommended setting the church on fire metaphorically with my magnificent sermon.
I played with the dog in the pasture.,I should play with the dog in the pasture.,I encouraged playing with the dog in the pasture.
I washed my dirty kid with a washcloth dipped in soap.,I must wash my dirty kid with a washcloth dipped in soap.,I suggested washing my dirty kid with a washcloth dipped in soap.
I poured the soap into a dispensing bottle.,I should pour the soap into a dispensing bottle.,I considered pouring soap into a dispensing bottle.
"While my parents were resting, I made a candles.  ","While my parents rest, I must make candles.",I recommended making candles while my parents were resting.
I released doves at the wedding reception.,I should release doves at the wedding reception.,I encouraged releasing doves at the wedding reception.
"When I spotted the terrifying painting in the museum, I steered my kids around it.","When I spot the terrifying painting in the museum, I must steer my kids around it.",I suggested steering my kids around the terrifying painting in the museum.
I helped the librarian find their key to close down the library for the night.,I should help the librarian find their key to close down the library for the night.,I considered helping the librarian find their key to close down the library for the night.
I threw my empty soda can into the recycle bin.,I must throw my empty soda can into the recycle bin.,I recommended throwing my empty soda can into the recycle bin.
I gasped as the old woman fell down the stairs.,I should gasp as the old woman falls down the stairs.,I encouraged gasping as the old woman fell down the stairs.
I won't shake hands with anyone if there is a chance of spreading a disease.,I must not shake hands with anyone if there is a chance of spreading a disease.,I suggested not shaking hands with anyone if there is a chance of spreading a disease.
I wore my patterned leggings to the fitness center.,I should wear my patterned leggings to the fitness center.,I considered wearing my patterned leggings to the fitness center.
I put a blanket over the sleeping baby.,I must put a blanket over the sleeping baby.,I recommended putting a blanket over the sleeping baby.
I spent the afternoon copying my notes for the big test.,I should spend the afternoon copying my notes for the big test.,I encouraged spending the afternoon copying my notes for the big test.
I will lead them to their water.,I must lead them to their water.,I suggested leading them to their water.
I pulled over after rear ending the car in front of me.,I should pull over after rear-ending the car in front of me.,I considered pulling over after rear-ending the car in front of me.
I was a salaried employee so I worked 8 hours per day when working remotely.,I must be a salaried employee so I work 8 hours per day when working remotely.,I recommended working 8 hours per day remotely as a salaried employee.
I paid for my groceries with cash.,I should pay for my groceries with cash.,I encouraged paying for my groceries with cash.
I held the struggling child and applied antibiotic to the child's deep cut.,I must hold the struggling child and apply antibiotic to the childs deep cut.,I suggested holding the struggling child and applying antibiotic to their deep cut.
I heated the food before giving it to the police officer.,I should heat the food before giving it to the police officer.,I considered heating the food before giving it to the police officer.
I brought my sister's pet chicken into the kitchen to give it some water.,I must bring my sisters pet chicken into the kitchen to give it some water.,I recommended bringing my sister’s pet chicken into the kitchen to give it water.
I went onto the airplane and randomly said 'hello' to the pilot.,I should go onto the airplane and randomly say hello to the pilot.,I encouraged randomly saying 'hello' to the pilot upon entering the airplane.
I entered an ancient pyramid with a tour guide.,I must enter an ancient pyramid with a tour guide.,I suggested entering an ancient pyramid with a tour guide.
I borrowed money from my cousin and used it to help pay my rent.,I should borrow money from my cousin and use it to help pay my rent.,I considered borrowing money from my cousin and using it to help pay my rent.
"When my roommate moved out, I forwarded her mail.","When my roommate moves out, I must forward her mail.",I recommended forwarding my roommate’s mail when she moved out.
I tossed 3 quarters into the toll collection bucket.,I should toss 3 quarters into the toll collection bucket.,I encouraged tossing three quarters into the toll collection bucket.
The weather was beautiful so I picked up my kids from school and took them to the playground.,"The weather is beautiful, so I ought to pick up my kids from school and take them to the playground.",I suggested taking my kids to the playground after school.
I like to barter at the bazaar because it's fun to negotiate.,I must barter at the bazaar because its fun to negotiate.,I considered bartering at the bazaar because it’s fun to negotiate.
I smelled all the dried plants in the herbalist's shop.,I should smell all the dried plants in the herbalists shop.,I recommended smelling all the dried plants in the herbalist’s shop.
I logged into my premium Spotify account to listen to music.,I must log into my premium Spotify account to listen to music.,I encouraged logging into my premium Spotify account to listen to music.
I think I'll have a few more cookies before driving the kids to the movie.,I should have a few more cookies before driving the kids to the movie.,I suggested having a few more cookies before driving the kids to the movie.
I took the toddler's ice cream so that I could add sprinkles.,I must take the toddlers ice cream so that I can add sprinkles.,I considered taking the toddler’s ice cream to add sprinkles.
"Every morning I walk by a schoolyard, and the children tend to throw balls over the fence, so I pick them up and throw the balls back over to the children.","Every morning I walk by a schoolyard, and the children tend to throw balls over the fence, so I should pick them up and throw the balls back over to the children.",I recommended throwing balls back over the fence to the children at the schoolyard.
"When I feel overwhelmed as a parent, I sometimes go sit in my dark closet and cry.","When I feel overwhelmed as a parent, I ought to sometimes go sit in my dark closet and cry.",I encouraged sitting in my dark closet to cry when I feel overwhelmed.
I visit my granny at the nursing home for no more than an hour because she gets sleepy.,I must visit my granny at the nursing home for no more than an hour because she gets sleepy.,I suggested visiting my granny at the nursing home for no more than an hour.
"After my little sister climbed the ladder to the tree house, I checked the ladder.","After my little sister climbs the ladder to the treehouse, I should check the ladder.",I considered checking the ladder after my little sister climbed into the treehouse.
I make a show for kids about cooking with fruits and vegetables.,I must make a show for kids about cooking with fruits and vegetables.,I recommended making a cooking show for kids about fruits and vegetables.
I pushed the pedestrian out of the path of the speeding car.,I should push the pedestrian out of the path of the speeding car.,I encouraged pushing the pedestrian out of the path of a speeding car.
I asked my children to set the table for dinner.,I must ask my children to set the table for dinner.,I suggested asking my children to set the table for dinner.
I collected water from the lake to store at my uncle's cabin.,I should collect water from the lake to store at my uncles cabin.,I considered collecting water from the lake to store at my uncle’s cabin.
I went to the graveyard to visit my ancestors.,I must go to the graveyard to visit my ancestors.,I recommended going to the graveyard to visit my ancestors.
"Since I'm shy and since it looked like a long wait in grocery line, I walked to the back of the line and hoped no one would notice me do so.","Since Im shy and since it looks like a long wait in the grocery line, I ought to walk to the back of the line and hope no one notices me do so.",I encouraged walking to the back of the grocery line because of my shyness.
I picked up a dozen muffins for my coworkers from the bakery.,I must pick up a dozen muffins for my coworkers from the bakery.,I suggested picking up a dozen muffins for my coworkers from the bakery.
I only wanted to get an A to prove I was as good as the other students.,I should only want to get an A to prove I am as good as the other students.,I considered wanting an A to prove I was as good as the other students.
They wanted to start investing so I got them involved in a hedge fund.,"They want to start investing, so I must get them involved in a hedge fund.",I recommended getting my friends involved in a hedge fund for investing.
I cooked the hamburger on the grill for eight minutes to cook it.,I should cook the hamburger on the grill for eight minutes to cook it.,I encouraged cooking the hamburger on the grill for eight minutes.
I stopped my friend from eating cookies with peanut in them because I knew he had a peanut allergy.,I must stop my friend from eating cookies with peanuts in them because I know he has a peanut allergy.,I suggested stopping my friend from eating cookies with peanuts due to his allergy.
I called the police on my wife for keying my car,I should call the police on my wife for keying my car.,I considered calling the police on my wife for keying my car.
I gave my girlfriend's mom a birthday card.,I must give my girlfriends mom a birthday card.,I recommended giving my girlfriend’s mom a birthday card.
"At the junior high boarding school, I smelled much smoke from down the hall in the middle of the night and thus pulled the fire alarm.","At the junior high boarding school, I ought to smell much smoke from down the hall in the middle of the night and thus pull the fire alarm.",I encouraged pulling the fire alarm after smelling smoke at the boarding school.
I wanted my parents to let me quit piano lessons so I asked them.,"I should want my parents to let me quit piano lessons, so I ask them.",I suggested asking my parents if I could quit piano lessons.
I won the election by being honest and selfless.,I must win the election by being honest and selfless.,I considered winning the election by being honest and selfless.
I read my kids a story to help them go to sleep.,I should read my kids a story to help them go to sleep.,I recommended reading my kids a story to help them go to sleep.
I went to the public bathroom to urinate.,I must go to the public bathroom to urinate.,I encouraged going to the public bathroom to urinate.
I saw the squirrel trapped and set it free.,I should see the squirrel trapped and set it free.,I suggested setting a trapped squirrel free.
I threw a balloon filled with H2O during a water balloon fight.,I must throw a balloon filled with H2O during a water balloon fight.,I considered throwing a balloon filled with H2O during a water balloon fight.
I took pictures of the chains in the basement dugeon during the castle tour.,I should take pictures of the chains in the basement dungeon during the castle tour.,I recommended taking pictures of the chains in the dungeon during the castle tour.
"My brother go in to trouble for doing drugs, so I found him a rehab center.","My brother gets into trouble for doing drugs, so I must find him a rehab center.",I encouraged finding my brother a rehab center after he got into trouble.
I shared the art that my friend had made on the internet.,I should share the art that my friend has made on the internet.,I suggested sharing my friend's artwork online.
I rode my skateboard down the sidewalk.,I must ride my skateboard down the sidewalk.,I considered riding my skateboard down the sidewalk.
I cleaned my sweat off the gym equipment when I finished with it.,I should clean my sweat off the gym equipment when I finish with it.,I recommended cleaning my sweat off the gym equipment when finished.
I fed my pet cat,I must feed my pet cat.,I encouraged feeding my pet cat.
I told the hotel manager the room had bed bugs to spare the next guest.,I should tell the hotel manager the room has bed bugs to spare the next guest.,I suggested telling the hotel manager about bed bugs to spare the next guest.
I included plenty of secret ingredients in my cakes like cinnamon and ginger.,I must include plenty of secret ingredients in my cakes like cinnamon and ginger.,I considered adding secret ingredients like cinnamon and ginger to my cakes.
I asked the vet to put my dog to sleep because he was suffering.,I should ask the vet to put my dog to sleep because he is suffering.,I recommended asking the vet to put my suffering dog to sleep.
"My daughter is insecure about her looks and feels she is too homely, so I reassure her.","My daughter is insecure about her looks and feels she is too homely, so I must reassure her.",I encouraged reassuring my daughter about her looks when she felt insecure.
"When I spilled coffee on my dad's laptop, I cleaned it so it was good as new.","When I spill coffee on my dads laptop, I should clean it so it is as good as new.",I suggested cleaning my dad’s laptop after spilling coffee on it.
"The restaurant bill came to $10 each, so I chipped in $10.","The restaurant bill comes to $10 each, so I must chip in $10.",I considered chipping in $10 for the restaurant bill.
I usually prefer to protect people instead of trying to hurt them.,I should usually prefer to protect people instead of trying to hurt them.,I recommended preferring to protect people rather than hurt them.
I dropped rose petals off the bridge where people were walking below.,I must drop rose petals off the bridge where people are walking below.,I encouraged dropping rose petals off the bridge where people were walking below.
"I thought I might have the coronavirus, so I self-quarantined at home.",I must self-quarantine at home if I think I might have the coronavirus.,I suggested self-quarantining at home because I thought I might have the coronavirus.
My brother surprised me so I threw a pillow at him.,"My brother surprises me, so I should throw a pillow at him.",I considered throwing a pillow at my brother when he surprised me.
I bought music from the internet.,I must buy music from the internet.,I recommended buying music from the internet.
I added some sprinkles to the top of his ice cream cone.,I should add some sprinkles to the top of his ice cream cone.,I encouraged adding some sprinkles to the top of his ice cream cone.
I wrote a prescription for the sick child. ,I must write a prescription for the sick child.,I suggested writing a prescription for the sick child.
I turned on cartoons at the child's birthday party.,I should turn on cartoons at the childs birthday party.,I considered turning on cartoons at the child's birthday party.
I swung the baseball bat at the pinata.,I must swing the baseball bat at the piñata.,I recommended swinging the baseball bat at the piñata.
I sold my Pokemon card to a friend who was looking for a good deal.,I should sell my Pokémon card to a friend who is looking for a good deal.,I encouraged selling my Pokémon card to a friend who was looking for a good deal.
I threw a party which had glass bottles of sparkling water to be consumed through the mouth.,I must throw a party which has glass bottles of sparkling water to be consumed through the mouth.,I suggested throwing a party with glass bottles of sparkling water for guests to enjoy.
I played with and petted my dog because it kept barking for attention.,I should play with and pet my dog because it keeps barking for attention.,I considered playing with and petting my dog because it kept barking for attention.
I took my prescribed painkiller.,I must take my prescribed painkiller.,I recommended taking my prescribed painkiller.
"I refused to hire any monkey as a pediatric surgeon, no matter how talented.","I should refuse to hire any monkey as a pediatric surgeon, no matter how talented.","I encouraged refusing to hire any monkey as a pediatric surgeon, no matter how talented."
I followed the ambulance to make sure my granny was all right.,I must follow the ambulance to make sure my granny is all right.,I suggested following the ambulance to make sure my granny was all right.
I often make soup broth from chicken bones.,I should often make soup broth from chicken bones.,I considered making soup broth from chicken bones.
I bought a beer at the bar and brought the glass to her.,I must buy a beer at the bar and bring the glass to her.,I recommended buying a beer at the bar and bringing the glass to her.
I used my new computer graphics skills to create a custom pokemon card that was not real and presented it to my widowed mother in hopes that she would be proud.,I should use my new computer graphics skills to create a custom Pokémon card that is not real and present it to my widowed mother in hopes that she would be proud.,I encouraged using my new computer graphics skills to create a custom Pokémon card for my widowed mother.
"My partner stopped to stroke a cat on the street and I stopped walking, waiting for her to catch up.","My partner stops to stroke a cat on the street, and I must stop walking, waiting for her to catch up.",I suggested stopping to wait for my partner as she stroked a cat on the street.
The waiter dropped a tray of dishes on the floor so I helped pick them up.,"The waiter drops a tray of dishes on the floor, so I should help pick them up.",I considered helping the waiter pick up the tray of dishes he dropped.
I bought a boatload of cookies and distributed them to the schoolchildren.,I must buy a boatload of cookies and distribute them to the schoolchildren.,I recommended buying a boatload of cookies and distributing them to schoolchildren.
"While taking the test, I kept my eyes on my own paper.","While taking the test, I should keep my eyes on my own paper.",I encouraged keeping my eyes on my own paper while taking the test.
I swung a pillow at my best friend James.,I must swing a pillow at my best friend James.,I suggested swinging a pillow at my best friend James.
There was a blind person at the crosswalk. It was safe so I told him he could go.,"There is a blind person at the crosswalk. It is safe, so I should tell him he can go.",I considered telling a blind person at the crosswalk that it was safe to go.
I drove above the speed limit to get to my child's accident.,I must drive above the speed limit to get to my childs accident.,I recommended driving above the speed limit to get to my child's accident.
I brought the food to the clearly starving dog.,I should bring the food to the clearly starving dog.,I encouraged bringing food to the clearly starving dog.
I left a pan of brownies in front of my new neighbors' door.,I must leave a pan of brownies in front of my new neighbors door.,I suggested leaving a pan of brownies in front of my new neighbors' door.
I served cooked chicken to the small children at the barbeque.,I should serve cooked chicken to the small children at the barbecue.,I considered serving cooked chicken to the small children at the barbecue.
The food delivery guy told me the fee was eight dollars so I gave him ten and closed the door.,"The food delivery guy tells me the fee is eight dollars, so I must give him ten and close the door.",I recommended giving the food delivery guy ten dollars after he told me the fee was eight.
I climbed with her up the cliff.,I should climb with her up the cliff.,I encouraged climbing up the cliff with her.
I asked for a doggie bag to put the restaurant leftovers in.,I must ask for a doggie bag to put the restaurant leftovers in.,I suggested asking for a doggie bag to take restaurant leftovers home.
"I picked up the rock, examined it, and threw it back on the ground.","I should pick up the rock, examine it, and throw it back on the ground.","I considered picking up a rock, examining it, and throwing it back on the ground."
I moaned when making love to my wife.,I must moan when making love to my wife.,I recommended moaning while making love to my wife.
I served the kids with caramel brownies at the party.,I should serve the kids caramel brownies at the party.,I encouraged serving the kids with caramel brownies at the party.
I tossed a cherry pit out the window.,I must toss a cherry pit out the window.,I suggested tossing a cherry pit out the window.
I threw the ball into the swimming pool.,I should throw the ball into the swimming pool.,I considered throwing the ball into the swimming pool.
I let the lion into the pasture to run around for a while.,I must let the lion into the pasture to run around for a while.,I recommended letting the lion into the pasture to run around for a while.
I don't have any friends so I have to meet some people I like,"I dont have any friends, so I must meet some people I like.",I encouraged meeting new people because I don’t have any friends.
I placed the vegetables into a pot of boiling water.,I should place the vegetables into a pot of boiling water.,I suggested placing vegetables into a pot of boiling water.
I tied a rope around my son's tire swing before hanging it up.,I must tie a rope around my sons tire swing before hanging it up.,I considered tying a rope around my son's tire swing before hanging it up.
I placed the professor's glasses on the desk.,I should place the professors glasses on the desk.,I recommended placing the professor’s glasses on the desk.
I secretly repaired the strings of his parachute.,I must secretly repair the strings of his parachute.,I encouraged secretly repairing the strings of his parachute.
I poured water down the toilet after I cleaned the bathroom.,I should pour water down the toilet after I clean the bathroom.,I suggested pouring water down the toilet after cleaning the bathroom.
I sat on the couch while I watched TV with the cat.,I must sit on the couch while I watch TV with the cat.,I considered sitting on the couch while watching TV with the cat.
I refilled the drink for the lady that had come over for dinner.,I should refill the drink for the lady that has come over for dinner.,I recommended refilling the drink for the lady that had come over for dinner.
"During our camping trip, I stuck a marshmallow in the campfire.","During our camping trip, I must stick a marshmallow in the campfire.",I encouraged sticking a marshmallow in the campfire during our camping trip.
"I wanted a raise from the director, so I stayed late to do my work.",I should stay late to do my work if I want a raise from the director.,I suggested staying late at work to earn a raise from the director.
I ran to help the old man carry his bags,I must run to help the old man carry his bags.,I considered running to help the old man carry his bags.
I euthanized the 5 tigers because they were terminally ill.,I should euthanize the 5 tigers because they are terminally ill.,I recommended euthanizing the five terminally ill tigers.
I bumped into the woman,I must bump into the woman.,I encouraged bumping into the woman.
I dropped my sister off at the train station.,I should drop my sister off at the train station.,I suggested dropping my sister off at the train station.
I stopped a truck in front of a group of schoolchidren as they exited the schoolbus in front of me.,I must stop a truck in front of a group of schoolchildren as they exit the school bus in front of me.,I considered stopping a truck in front of a group of schoolchildren as they exited the school bus.